2010,5,18,Monday,85719,32.2317,-110.94889,Proactive Policing
2010,5,18,Monday,85719,32.23964,-110.94827,Proactive Policing
2010,5,18,Monday,85721,32.23867,-110.94527,Proactive Policing
2010,5,18,Monday,85721,32.23172,-110.9484,Other
2010,5,18,Monday,85721,32.23172,-110.9484,Other
2010,5,18,Monday,85719,32.23869,-110.94527,Proactive Policing
2010,5,17,Monday,85719,32.23869,-110.94527,Other
2010,4,8,Friday,85721,32.23588,-110.95282,Property Crime
2010,5,16,Monday,85719,32.2278,-110.94951,Proactive Policing
2010,5,15,Monday,85719,32.22953,-110.94668,Proactive Policing
2010,5,0,Saturday,85719,32.24067,-110.94389,Quality of Life
2010,5,14,Monday,85719,32.23596,-110.95678,Proactive Policing
2010,5,12,Monday,85719,32.2346,-110.94366,Proactive Policing
2010,5,6,Monday,85721,32.23991,-110.94934,Quality of Life
2010,5,12,Monday,85719,32.24293,-110.94978,Quality of Life
2010,5,20,Saturday,85719,32.24067,-110.94389,Breaking & Entering
2010,5,0,Wednesday,85719,32.2386,-110.95612,Theft
2010,5,10,Monday,85719,32.24676,-110.95684,Proactive Policing
2010,5,10,Monday,85719,32.23005,-110.95672,Proactive Policing
2010,5,8,Monday,85719,32.23379,-110.95482,Other
2010,5,17,Saturday,85718,32.28401,-110.93435,Proactive Policing
2010,5,9,Monday,85719,32.2278,-110.95099,Proactive Policing
2010,5,8,Monday,85719,32.22953,-110.94668,Proactive Policing
2010,5,7,Saturday,85614,31.87907,-111.00614,Proactive Policing
2010,5,5,Monday,85721,32.23172,-110.9484,Other
2010,5,5,Monday,85719,32.2317,-110.94889,Other
2010,5,1,Monday,85719,32.2278,-110.94951,Other
2010,6,14,Wednesday,85721,32.23611,-110.94813,Vehicle Stop
2010,6,23,Tuesday,85719,32.23618,-110.94105,Traffic
2010,6,1,Tuesday,85719,32.23489,-110.94678,Community Policing
2010,6,14,Monday,85719,32.25028,-110.94252,Traffic
2010,6,22,Sunday,86432,36.91045,-113.93966,Vehicle Stop
2010,6,20,Sunday,85705,32.23035,-110.96869,Vehicle Stop
2010,6,0,Sunday,85719,32.22658,-110.94378,Vehicle Stop
2010,6,23,Saturday,85719,32.225,-110.95946,Vehicle Stop
2010,6,23,Saturday,85719,32.23432,-110.95949,Vehicle Stop
2010,6,18,Saturday,85719,32.23385,-110.94407,Community Policing
2010,6,18,Saturday,85716,32.22174,-110.92648,Drugs
2010,6,16,Saturday,85721,32.23611,-110.94813,Vehicle Stop
2010,6,9,Saturday,85719,32.23054,-110.94386,Vehicle Stop
2010,6,4,Saturday,85719,32.2359,-110.95238,Drugs
2010,6,23,Friday,85701,32.22436,-110.97165,Drugs
2010,6,23,Friday,85719,32.23432,-110.95949,Vehicle Stop
2010,6,0,Friday,85719,32.23958,-110.95677,Community Policing
2010,6,23,Thursday,85719,32.22777,-110.95947,Traffic
2010,6,22,Thursday,85719,32.2373,-110.95528,Disorder
2010,6,17,Thursday,85719,32.23618,-110.94384,Other
2010,6,14,Thursday,85719,32.23169,-110.95947,Vehicle Stop
2010,6,17,Sunday,85719,32.23432,-110.95949,Vehicle Stop
2010,6,15,Sunday,85719,32.22918,-110.94384,Vehicle Stop
2010,6,23,Saturday,85719,32.23596,-110.95678,Vehicle Stop
2010,6,20,Saturday,85719,32.24569,-110.95958,Community Policing
2010,6,9,Saturday,85719,32.23596,-110.95799,Community Policing
2010,6,9,Saturday,85719,32.23861,-110.95677,Community Policing
2010,6,17,Friday,85719,32.23178,-110.94387,Vehicle Stop
2010,6,16,Friday,85719,32.22782,-110.94815,Vehicle Stop
2010,6,8,Friday,85716,32.25034,-110.9354,Vehicle Stop
2010,6,22,Thursday,85719,32.23038,-110.95675,Vehicle Stop
2010,6,16,Thursday,85719,32.23732,-110.95247,Traffic
2010,6,22,Monday,85705,32.23596,-110.96257,Vehicle Stop
2010,6,21,Monday,85716,32.24275,-110.93537,Other
2010,6,19,Monday,85719,32.2359,-110.95238,Vehicle Stop
2010,6,15,Monday,85719,32.22789,-110.94099,Vehicle Stop
2010,6,12,Monday,85719,32.23384,-110.94526,Community Policing
2010,6,10,Monday,85719,32.23618,-110.94105,Vehicle Stop
2010,6,10,Monday,85719,32.23618,-110.94105,Vehicle Stop
2010,6,7,Monday,85719,32.23178,-110.94387,Traffic
2010,6,7,Monday,85719,32.25144,-110.95687,Vehicle Stop
2010,6,22,Tuesday,85719,32.225,-110.951,Vehicle Stop
2010,6,7,Tuesday,85719,32.2359,-110.95238,Traffic
2010,6,10,Wednesday,85719,32.22784,-110.94716,Drugs
2010,6,14,Tuesday,85719,32.22786,-110.94398,Vehicle Stop
2010,6,5,Tuesday,85719,32.23861,-110.95677,Pedestrian Stop
2010,5,23,Monday,85719,32.23432,-110.95949,Traffic
2010,5,22,Monday,85719,32.23041,-110.95101,Disorder
2010,5,4,Monday,85716,32.23619,-110.93391,Traffic
2010,5,22,Sunday,85716,32.23613,-110.92682,Community Policing
2010,5,22,Sunday,85719,32.23618,-110.94384,Vehicle Stop
2010,5,17,Sunday,85719,32.22514,-110.94397,Drugs
2010,5,2,Sunday,85719,32.2427,-110.94393,Traffic
2010,5,0,Sunday,85712,32.23613,-110.89045,Vehicle Stop
2010,5,23,Saturday,85716,32.22174,-110.92648,Vehicle Stop
2010,5,22,Saturday,85719,32.22514,-110.94397,Liquor
2010,5,22,Saturday,85716,32.22174,-110.92648,Vehicle Stop
2010,5,22,Saturday,85719,32.22146,-110.94405,Liquor
2010,5,22,Saturday,85719,32.2359,-110.95238,Community Policing
2010,5,21,Saturday,85719,32.2427,-110.94393,Vehicle Stop
2010,5,8,Friday,85719,32.24675,-110.95956,Vehicle Stop
2010,5,23,Thursday,85719,32.23616,-110.94678,Community Policing
2010,5,13,Thursday,85719,32.22146,-110.94405,Vehicle Stop
2010,5,8,Wednesday,85719,32.22792,-110.93809,Community Policing
2010,5,6,Wednesday,85719,32.2142,-110.93713,Vehicle Stop
2010,5,2,Wednesday,85719,32.22267,-110.94382,Traffic
2010,5,17,Tuesday,85719,32.23618,-110.94384,Vehicle Stop
2010,5,15,Tuesday,85719,32.22514,-110.94397,Vehicle Stop
2010,5,11,Tuesday,85719,32.22514,-110.94397,Vehicle Stop
2010,5,9,Tuesday,85719,32.23596,-110.95678,Vehicle Stop
2010,5,9,Tuesday,85719,32.22782,-110.94815,Vehicle Stop
2010,5,0,Tuesday,85719,32.22778,-110.95485,Community Policing
2010,5,23,Monday,85719,32.233,-110.95679,Pedestrian Stop
2010,5,2,Monday,85719,32.23383,-110.94814,Community Policing
2010,5,23,Sunday,85716,32.22174,-110.92648,Vehicle Stop
2010,5,0,Sunday,85705,32.22776,-110.96252,Community Policing
2010,5,11,Saturday,85719,32.2359,-110.95238,Vehicle Stop
2010,5,2,Saturday,85719,32.23596,-110.95678,Traffic
2010,5,2,Saturday,85705,32.23594,-110.96567,Traffic
2010,5,0,Saturday,85719,32.23618,-110.94384,Vehicle Stop
2010,5,16,Friday,85719,32.233,-110.95948,Traffic
2010,5,4,Friday,85719,32.22779,-110.95616,Drugs
2010,5,19,Thursday,85719,32.23618,-110.94384,Drugs
2010,5,14,Thursday,85721,32.23209,-110.94816,Other
2010,5,22,Wednesday,85719,32.21953,-110.9495,Vehicle Stop
2010,5,22,Wednesday,85719,32.23385,-110.94407,Vehicle Stop
2010,5,17,Wednesday,85719,32.22514,-110.94397,Vehicle Stop
2010,5,13,Tuesday,85719,32.23618,-110.94105,Drugs
2010,5,22,Monday,85719,32.23038,-110.95675,Quality of Life
2010,5,23,Monday,85719,32.2317,-110.94889,Proactive Policing
2010,6,16,Wednesday,85719,32.2359,-110.95238,Traffic
2010,6,23,Friday,85719,32.22918,-110.94384,Vehicle Stop
2010,6,22,Friday,85719,32.233,-110.95679,Other
2010,6,23,Saturday,85719,32.23727,-110.95951,Vehicle Stop
2010,6,17,Saturday,85719,32.23859,-110.95951,Drugs
2010,6,14,Saturday,85719,32.22147,-110.9424,Vehicle Stop
2010,6,4,Saturday,85721,32.23738,-110.94528,Vehicle Stop
2010,6,22,Sunday,85719,32.22514,-110.94397,Vehicle Stop
2010,6,21,Sunday,85716,32.23858,-110.93528,Drugs
2010,6,19,Monday,85721,32.23868,-110.94408,Vehicle Stop
2010,6,17,Monday,85719,32.2317,-110.95677,Disorder
2010,6,13,Monday,85719,32.2278,-110.95101,Vehicle Stop
2010,6,9,Monday,85719,32.22658,-110.94378,Vehicle Stop
2010,6,14,Tuesday,85719,32.22784,-110.94716,Vehicle Stop
2010,6,11,Tuesday,85719,32.22658,-110.94378,Vehicle Stop
2010,6,10,Tuesday,85719,32.22782,-110.94815,Vehicle Stop
2010,6,12,Wednesday,85719,32.22777,-110.95947,Vehicle Stop
2010,6,7,Wednesday,85719,32.22786,-110.94398,Community Policing
2010,6,21,Thursday,85719,32.22863,-110.95673,Community Policing
2010,6,14,Thursday,85719,32.23485,-110.95232,Vehicle Stop
2010,6,13,Thursday,85719,32.23385,-110.94407,Vehicle Stop
2010,6,13,Thursday,85719,32.2338,-110.95232,Traffic
2010,6,10,Thursday,85719,32.22658,-110.94378,Vehicle Stop
2010,6,23,Friday,85719,32.23595,-110.9595,Vehicle Stop
2010,6,21,Friday,85719,32.21744,-110.94376,Vehicle Stop
2010,6,21,Friday,85719,32.23298,-110.95797,Vehicle Stop
2010,6,18,Friday,85721,32.23611,-110.94813,Vehicle Stop
2010,6,22,Saturday,85719,32.22648,-110.95636,Community Policing
2010,6,17,Saturday,85719,32.22382,-110.94518,Community Policing
2010,6,2,Saturday,85719,32.23618,-110.94384,Traffic
2010,6,22,Sunday,85719,32.21352,-110.94375,Vehicle Stop
2010,6,3,Sunday,85721,32.23611,-110.94813,Liquor
2010,6,0,Sunday,85719,32.22514,-110.94397,Traffic
2010,6,22,Monday,85705,32.23168,-110.9641,Vehicle Stop
2010,6,21,Monday,85719,32.23169,-110.95947,Vehicle Stop
2010,6,8,Monday,85719,32.23618,-110.94105,Vehicle Stop
2010,6,2,Monday,85721,32.23611,-110.94813,Vehicle Stop
2010,6,1,Wednesday,85719,32.22786,-110.94398,Vehicle Stop
2010,6,17,Tuesday,85719,32.2279,-110.93953,Vehicle Stop
2010,6,9,Tuesday,85719,32.23618,-110.94105,Drugs
2010,7,5,Tuesday,85719,32.2359,-110.95238,Drugs
2010,7,5,Tuesday,85719,32.23169,-110.95947,Vehicle Stop
2010,7,5,Tuesday,85719,32.22384,-110.95946,Vehicle Stop
2010,7,4,Tuesday,85719,32.23616,-110.94678,Vehicle Stop
2010,7,23,Monday,85719,32.24992,-110.94685,Vehicle Stop
2010,7,21,Monday,85721,32.23611,-110.94813,Vehicle Stop
2010,7,22,Sunday,85719,32.24467,-110.95957,Vehicle Stop
2010,7,1,Sunday,85719,32.23432,-110.95949,Traffic
2010,7,23,Saturday,85719,32.23383,-110.94814,Community Policing
2010,7,22,Saturday,85719,32.22777,-110.95947,Traffic
2010,7,21,Saturday,85719,32.22138,-110.95324,Other
2010,7,21,Saturday,85719,32.21953,-110.9495,Vehicle Stop
2010,7,20,Saturday,85719,32.23596,-110.95678,Vehicle Stop
2010,7,18,Thursday,85719,32.23596,-110.95678,Vehicle Stop
2010,7,21,Tuesday,85719,32.23616,-110.94678,Vehicle Stop
2010,7,8,Tuesday,85721,32.23611,-110.94813,Vehicle Stop
2010,7,23,Wednesday,85719,32.2427,-110.94393,Vehicle Stop
2010,7,19,Wednesday,85719,32.22784,-110.94523,Traffic
2010,7,17,Wednesday,85719,32.2278,-110.95101,Disorder
2010,7,11,Wednesday,85705,32.236,-110.96108,Vehicle Stop
2010,7,5,Wednesday,85719,32.22786,-110.94398,Drugs
2010,7,23,Thursday,85719,32.22151,-110.9395,Traffic
2010,7,22,Thursday,85719,32.23859,-110.95951,Vehicle Stop
2010,7,21,Thursday,85719,32.22146,-110.94405,Traffic
2010,7,20,Thursday,85719,32.23433,-110.95679,Vehicle Stop
2010,7,14,Thursday,85719,32.2278,-110.95101,Community Policing
2010,7,8,Thursday,85721,32.23611,-110.94813,Vehicle Stop
2010,7,7,Thursday,85719,32.22789,-110.94099,Vehicle Stop
2010,7,22,Friday,85719,32.2279,-110.93953,Community Policing
2010,7,7,Saturday,85719,32.2359,-110.95238,Vehicle Stop
2010,7,10,Sunday,85719,32.23485,-110.95232,Community Policing
2010,7,23,Monday,85719,32.23383,-110.94814,Disorder
2010,7,22,Monday,85719,32.23618,-110.94384,Vehicle Stop
2010,7,21,Monday,85719,32.233,-110.95948,Vehicle Stop
2010,7,13,Monday,85719,32.23859,-110.95951,Vehicle Stop
2010,7,3,Monday,85719,32.23618,-110.94105,Vehicle Stop
2010,7,16,Tuesday,85719,32.2328,-110.94814,Vehicle Stop
2010,7,6,Tuesday,85719,32.23596,-110.95678,Disorder
2010,7,22,Wednesday,85719,32.23385,-110.94407,Vehicle Stop
2010,7,7,Wednesday,85719,32.23618,-110.94384,Traffic
2010,7,21,Thursday,85719,32.2359,-110.95238,Vehicle Stop
2010,7,13,Friday,85719,32.25144,-110.95687,Traffic
2010,7,23,Saturday,85719,32.22253,-110.95946,Traffic
2010,7,7,Saturday,85719,32.23596,-110.95678,Liquor
2010,7,2,Saturday,85719,32.24262,-110.95681,Liquor
2010,7,1,Saturday,85719,32.24161,-110.95679,Other
2010,7,12,Sunday,85719,32.23283,-110.94386,Vehicle Stop
2010,7,20,Monday,85719,32.21993,-110.95955,Vehicle Stop
2010,7,23,Tuesday,85719,32.24884,-110.94397,Community Policing
2010,7,3,Tuesday,85719,32.23966,-110.9439,Community Policing
2010,7,23,Wednesday,85719,32.23602,-110.94252,Community Policing
2010,7,21,Wednesday,85719,32.23618,-110.94384,Community Policing
2010,7,15,Wednesday,85721,32.23209,-110.94816,Pedestrian Stop
2010,7,1,Wednesday,85719,32.22779,-110.95616,Traffic
2010,7,1,Wednesday,85721,32.23611,-110.94813,Traffic
2010,7,1,Friday,85705,32.23592,-110.96874,Traffic
2010,7,9,Thursday,85719,32.22918,-110.94384,Vehicle Stop
2010,7,7,Thursday,85721,32.23209,-110.94816,Assault
2010,7,22,Friday,85705,32.23167,-110.96564,Community Policing
2010,7,8,Monday,85721,32.23611,-110.94813,Other
2010,7,0,Monday,85716,32.22174,-110.92648,Traffic
2010,7,23,Sunday,85719,32.22393,-110.94378,Vehicle Stop
2010,7,17,Sunday,85719,32.23618,-110.94384,Drugs
2010,7,5,Sunday,85719,32.23736,-110.94678,Community Policing
2010,7,0,Sunday,85719,32.23432,-110.95949,Drugs
2010,7,8,Tuesday,85719,32.2427001,-110.9441293,Vehicle Stop
2010,7,2,Tuesday,85719,32.233,-110.95679,Traffic
2010,7,0,Tuesday,85719,32.2360254,-110.9366665,Vehicle Stop
2010,7,22,Monday,85719,32.2405633,-110.9595358,Community Policing
2010,7,1,Wednesday,85719,32.22141,-110.95634,Traffic
2010,7,23,Tuesday,85719,32.2483951,-110.960453,Vehicle Stop
2010,7,9,Tuesday,85719,32.2361779,-110.9438361,Vehicle Stop
2010,7,2,Thursday,85719,32.22149,-110.95946,Traffic
2010,7,0,Thursday,85719,32.22652,-110.94811,Traffic
2010,7,22,Wednesday,85719,32.236015,-110.9425171,Community Policing
2010,7,13,Wednesday,85716,32.2217429,-110.926479,Vehicle Stop
2010,7,2,Friday,85705,32.23168,-110.96331,Traffic
2010,7,2,Friday,85719,32.24569,-110.95958,Traffic
2010,7,21,Thursday,85719,32.2214648,-110.9579074,Vehicle Stop
2010,7,8,Thursday,85719,32.23727,-110.95951,Drugs
2010,7,23,Saturday,85719,32.23596,-110.95678,Traffic
2010,7,21,Saturday,85719,32.2373164,-110.9537805,Vehicle Stop
2010,7,21,Saturday,85719,32.2278591,-110.943795,Vehicle Stop
2010,7,2,Saturday,85719,32.2631377,-110.9609872,Vehicle Stop
2010,8,2,Monday,85719,32.23738,-110.94388,Traffic
2010,8,0,Monday,85719,32.24569,-110.95958,Traffic
2010,8,22,Sunday,85721,32.23611,-110.94813,Drugs
2010,8,9,Sunday,85719,32.2252338,-110.9437982,Vehicle Stop
2010,8,3,Sunday,85719,32.2252338,-110.9437982,Drugs
2010,8,0,Sunday,85719,32.22514,-110.94397,Traffic
2010,8,3,Tuesday,85719,32.2396602,-110.9439037,Vehicle Stop
2010,8,7,Wednesday,85719,32.2278591,-110.943795,Vehicle Stop
2010,8,6,Wednesday,85719,32.2426192,-110.9595669,Vehicle Stop
2010,8,13,Tuesday,85724,32.2406502,-110.9440746,Vehicle Stop
2010,8,9,Tuesday,85719,32.2361779,-110.9438361,Vehicle Stop
2010,8,9,Thursday,85719,32.2396602,-110.9439037,Vehicle Stop
2010,8,2,Thursday,85701,32.2228759,-110.9714227,Vehicle Stop
2010,8,12,Wednesday,85719,32.2265471,-110.9439744,Vehicle Stop
2010,8,8,Friday,85719,32.2348529,-110.9523172,Traffic
2010,8,2,Friday,85705,32.23596,-110.96257,Traffic
2010,8,23,Thursday,85719,32.23962,-110.94976,Traffic
2010,8,14,Thursday,85719,32.2277961,-110.9510102,Community Policing
2010,8,13,Thursday,85719,32.2252338,-110.9437982,Community Policing
2010,8,13,Thursday,85721,32.23209,-110.94816,Pedestrian Stop
2010,8,10,Thursday,85719,32.2291756,-110.9438442,Community Policing
2010,8,10,Thursday,85719,32.23596,-110.95678,Other
2010,8,20,Friday,85716,32.2217429,-110.926479,Vehicle Stop
2010,8,13,Friday,85719,32.2277919,-110.9532471,Vehicle Stop
2010,8,0,Sunday,85705,32.23854,-110.96876,Traffic
2010,8,10,Saturday,85719,32.2338344,-110.9481355,Community Policing
2010,8,11,Monday,85719,32.2277901,-110.9561593,Vehicle Stop
2010,8,4,Monday,85719,32.2318,-110.94104,Other
2010,8,19,Sunday,85719,32.23169,-110.95794,Pedestrian Stop
2010,8,14,Sunday,85719,32.2304179,-110.9495625,Other
2010,8,5,Tuesday,85719,32.2252338,-110.9437982,Vehicle Stop
2010,8,3,Tuesday,85719,32.236015,-110.9425171,Vehicle Stop
2010,8,0,Tuesday,85719,32.223843,-110.9439582,Vehicle Stop
2010,8,0,Tuesday,85719,32.23433,-110.95679,Community Policing
2010,8,0,Wednesday,85653,32.41537,-111.15407,Drugs
2010,8,23,Tuesday,85719,32.2277727,-110.9594706,Vehicle Stop
2010,8,20,Tuesday,85705,32.235917,-110.9687385,Vehicle Stop
2010,8,19,Tuesday,85719,32.2316869,-110.9579362,Traffic
2010,8,14,Tuesday,85719,32.2286349,-110.9567288,Traffic
2010,8,13,Tuesday,85719,32.2250113,-110.9579174,Vehicle Stop
2010,8,13,Tuesday,85719,32.2278231,-110.9481485,Vehicle Stop
2010,8,6,Thursday,85745,32.2997082,-111.0473835,Vehicle Stop
2010,8,2,Thursday,85719,32.23283,-110.94386,Liquor
2010,8,23,Wednesday,85719,32.2317822,-110.9438703,Vehicle Stop
2010,8,14,Wednesday,85719,32.2349085,-110.944087,Vehicle Stop
2010,8,13,Wednesday,85721,32.2361063,-110.9481323,Vehicle Stop
2010,8,2,Friday,85719,32.2359,-110.95238,Traffic
2010,8,20,Thursday,85719,32.22779,-110.95616,Disorder
2010,8,16,Thursday,85719,32.2277901,-110.9561593,Traffic
2010,8,2,Saturday,85705,32.236,-110.96108,Traffic
2010,8,2,Saturday,85719,32.23618,-110.94384,Community Policing
2010,8,10,Monday,85719,32.2361764,-110.9410528,Proactive Policing
2010,8,2,Monday,85719,32.22385,-110.96098,Traffic
2010,8,16,Sunday,85719,32.2277901,-110.9561593,Traffic
2010,8,8,Sunday,85719,32.2360025,-110.9610757,Vehicle Stop
2010,8,2,Sunday,85719,32.23618,-110.94105,Traffic
2010,8,1,Sunday,85719,32.23595,-110.9595,Traffic
2010,8,7,Tuesday,85719,32.23618,-110.94384,Liquor
2010,8,4,Tuesday,85721,32.2361063,-110.9481323,Proactive Policing
2010,8,2,Tuesday,85721,32.2361063,-110.9481323,Proactive Policing
2010,8,2,Tuesday,85719,32.23957,-110.96106,Traffic
2010,8,2,Wednesday,85716,32.22174,-110.92648,Traffic
2010,8,2,Wednesday,85719,32.22658,-110.94378,Traffic
2010,8,22,Tuesday,85719,32.2265066,-110.9510091,Proactive Policing
2010,8,17,Tuesday,85721,32.2415901,-110.9491136,Proactive Policing
2010,8,15,Tuesday,85719,32.23433,-110.95679,Drugs
2010,8,23,Wednesday,85719,32.2277919,-110.9532471,Proactive Policing
2010,8,23,Wednesday,85719,32.22863,-110.95673,Disorder
2010,8,10,Friday,85721,32.23209,-110.94816,Other
2010,8,3,Friday,85719,32.22784,-110.94523,Liquor
2010,8,2,Friday,85719,32.2395845,-110.9567691,Liquor
2010,8,1,Friday,85719,32.22907,-110.95948,Traffic
2010,8,0,Friday,85719,32.2264805,-110.9594675,Proactive Policing
2010,8,1,Saturday,85719,32.23596,-110.95799,Traffic
2010,8,23,Friday,85712,32.23724,-110.89044,Other
2010,8,9,Monday,85719,32.234884,-110.9481234,Traffic
2010,8,4,Monday,85719,32.23169,-110.95947,Traffic
2010,8,0,Monday,85719,32.22779,-110.95616,Pedestrian Stop
2010,8,0,Tuesday,85719,32.2395845,-110.9567691,Liquor
2010,8,23,Monday,85719,32.2405821,-110.9567946,Liquor
2010,8,23,Monday,85719,32.2290737,-110.9594785,Other
2010,8,22,Monday,85719,32.2361779,-110.9438361,Proactive Policing
2010,8,21,Monday,85719,32.2359639,-110.9567809,Proactive Policing
2010,8,16,Monday,85721,32.2386745,-110.9440782,Proactive Policing
2010,8,13,Monday,85721,32.2361063,-110.9481323,Traffic
2010,8,7,Wednesday,85736,32.2436505,-110.9595618,Proactive Policing
2010,8,2,Wednesday,85719,32.2361779,-110.9438361,Liquor
2010,8,23,Tuesday,85721,32.237351,-110.9482571,Drugs
2010,8,22,Tuesday,85716,32.2217429,-110.926479,Proactive Policing
2010,8,2,Thursday,85719,32.247127,-110.9441686,Traffic
2010,8,7,Friday,85719,32.2361779,-110.9438361,Traffic
2010,9,0,Saturday,85719,32.2303806,-110.9567498,Disorder
2010,8,22,Thursday,85719,32.2338036,-110.9550909,Disorder
2010,8,19,Thursday,85719,32.2338036,-110.9550909,Disorder
2010,8,16,Thursday,85719,32.2343163,-110.9579732,Proactive Policing
2010,8,13,Thursday,85719,32.2338344,-110.9481355,Traffic
2010,8,12,Thursday,85719,32.2431158,-110.9568131,Proactive Policing
2010,8,11,Thursday,85719,32.2291713,-110.9424553,Proactive Policing
2010,8,23,Friday,85719,32.2360025,-110.9610757,Traffic
2010,8,23,Friday,85719,32.2278418,-110.9452277,Other
2010,8,23,Friday,85719,32.2361764,-110.9410528,Traffic
2010,8,22,Friday,85719,32.2250003,-110.9594574,Quality of Life
2010,8,15,Friday,85721,32.2361063,-110.9481323,Proactive Policing
2010,8,14,Friday,85719,32.2359639,-110.9567809,Traffic
2010,8,2,Sunday,85719,32.2361602,-110.9467746,Proactive Policing
2010,8,1,Sunday,85721,32.2320919,-110.9481571,Liquor
2010,8,0,Sunday,85719,32.2348654,-110.9494168,Proactive Policing
2010,8,0,Sunday,85719,32.2361779,-110.9438361,Proactive Policing
2010,8,0,Sunday,85719,32.234884,-110.9481234,Liquor
2010,8,0,Sunday,85719,32.2277901,-110.9561593,Liquor
2010,8,23,Saturday,85719,32.2338552,-110.9440724,Liquor
2010,8,22,Saturday,85719,32.2316866,-110.9594753,Proactive Policing
2010,8,21,Saturday,85719,32.2338552,-110.9440724,Liquor
2010,8,21,Saturday,85719,32.2161537,-110.9437514,Liquor
2010,8,19,Saturday,85719,32.2514386,-110.9568734,Drugs
2010,8,14,Saturday,85719,32.234884,-110.9481234,Proactive Policing
2010,8,2,Saturday,85719,32.2373561,-110.9467841,Liquor
2010,8,2,Saturday,85721,32.2361063,-110.9481323,Traffic
2010,8,1,Saturday,85719,32.2348873,-110.9467828,Drugs
2010,8,23,Friday,85719,32.234884,-110.9481234,Liquor
2010,8,9,Monday,85721,32.2386745,-110.9440782,Proactive Policing
2010,8,7,Monday,85716,32.2359566,-110.9268077,Proactive Policing
2010,8,1,Sunday,85719,32.236103,-110.9595034,Traffic
2010,8,1,Sunday,85719,32.2277961,-110.9510102,Liquor
2010,8,0,Sunday,85719,32.2348873,-110.9467828,Liquor
2010,8,21,Saturday,85719,32.2338552,-110.9440724,Disorder
2010,8,11,Friday,85719,32.2252338,-110.9437982,Community Policing
2010,8,10,Tuesday,85719,32.2343167,-110.9594861,Proactive Policing
2010,8,23,Monday,85719,32.2360163,-110.9381241,Proactive Policing
2010,8,21,Monday,85719,32.2303878,-110.9579098,Drugs
2010,8,13,Monday,85721,32.2361063,-110.9481323,Proactive Policing
2010,9,2,Wednesday,85719,32.2361191,-110.948976,Traffic
2010,9,14,Saturday,85721,32.2415901,-110.9491136,Community Policing
2010,9,1,Saturday,85716,32.2217429,-110.926479,Traffic
2010,9,1,Sunday,85719,32.2277961,-110.9510102,Liquor
2010,9,3,Monday,85719,32.2361779,-110.9438361,Proactive Policing
2010,9,0,Sunday,85719,32.2396226,-110.9524513,Traffic
2010,9,8,Wednesday,85719,32.2648662,-110.9437804,Proactive Policing
2010,9,0,Sunday,85719,32.2330044,-110.9567896,Quality of Life
2010,9,0,Saturday,85719,32.2386427,-110.9512481,Quality of Life
2010,9,12,Saturday,85719,32.2317822,-110.9438703,Traffic
2010,9,11,Thursday,85719,32.2427001,-110.9441293,Proactive Policing
2010,9,23,Sunday,85719,32.2316945,-110.9567676,Quality of Life
2010,9,7,Wednesday,85719,32.2338552,-110.9440724,Proactive Policing
2010,9,2,Monday,85719,32.2161537,-110.9437514,Proactive Policing
2010,9,8,Tuesday,85721,32.2386745,-110.9440782,Proactive Policing
2010,9,11,Thursday,85719,32.2330036,-110.959478,Proactive Policing
2010,8,19,Tuesday,85719,32.2304142,-110.9510133,Proactive Policing
2010,9,2,Friday,85716,32.2362014,-110.9353116,Traffic
2010,8,12,Tuesday,85719,32.2361602,-110.9467746,Proactive Policing
2010,9,3,Sunday,85719,32.2361779,-110.9438361,Proactive Policing
2010,9,3,Sunday,85719,32.2278859,-110.9409906,Traffic
2010,8,22,Tuesday,85721,32.2361063,-110.9481323,Proactive Policing
2010,9,4,Sunday,85716,32.2503367,-110.935401,Quality of Life
2010,9,3,Friday,85719,32.2498577,-110.9568548,Traffic
2010,9,1,Wednesday,85719,32.2338552,-110.9440724,Proactive Policing
2010,9,11,Monday,85719,32.2277901,-110.9561593,Quality of Life
2010,9,15,Wednesday,85719,32.2291756,-110.9438442,Proactive Policing
2010,9,1,Friday,85719,32.2303806,-110.9567498,Traffic
2010,9,20,Saturday,85719,32.245444,-110.9439725,Proactive Policing
2010,8,7,Tuesday,85719,32.2359639,-110.9567809,Proactive Policing
2010,9,9,Thursday,85719,32.2226726,-110.9438235,Proactive Policing
2010,9,16,Friday,85719,32.2328288,-110.9438573,Proactive Policing
2010,9,1,Sunday,85719,32.2330044,-110.9567896,Traffic
2010,9,2,Sunday,85719,32.2304142,-110.9510133,Quality of Life
2010,9,2,Sunday,85719,32.2316967,-110.9505123,Quality of Life
2010,9,20,Sunday,85719,32.2373234,-110.9524737,Proactive Policing
2010,9,13,Wednesday,85719,32.2252338,-110.9437982,Proactive Policing
2010,9,2,Saturday,85719,32.2498928,-110.9525393,Traffic
2010,9,3,Saturday,85719,32.2359639,-110.9567809,Traffic
2010,9,13,Wednesday,85719,32.2278009,-110.9579315,Proactive Policing
2010,9,0,Monday,85719,32.2265471,-110.9439744,Proactive Policing
2010,9,0,Sunday,85721,32.2361063,-110.9481323,Quality of Life
2010,9,0,Monday,85719,32.2265471,-110.9439744,Proactive Policing
2010,9,0,Friday,85719,32.2338418,-110.9452616,Liquor
2010,9,16,Thursday,85719,32.2278591,-110.943795,Traffic
2010,9,21,Friday,85719,32.2277901,-110.9561593,Liquor
2010,9,12,Monday,85719,32.2373561,-110.9467841,Drugs
2010,9,21,Monday,85721,32.2361063,-110.9481323,Drugs
2010,9,17,Friday,85719,32.2278231,-110.9481485,Community Policing
2010,9,23,Thursday,85719,32.2305347,-110.9438583,Liquor
2010,9,0,Sunday,85719,32.2348654,-110.9494168,Liquor
2010,9,0,Sunday,85719,32.2348873,-110.9467828,Liquor
2010,9,2,Monday,85719,32.2252338,-110.9437982,Traffic
2010,9,16,Saturday,85719,32.2343216,-110.9579538,Assault
2010,9,1,Sunday,85719,32.2277901,-110.9561593,Drugs
2010,9,23,Saturday,85719,32.2277961,-110.9510102,Liquor
2010,9,23,Saturday,85719,32.2277961,-110.9510102,Liquor
2010,9,23,Saturday,85719,32.2348654,-110.9494168,Drugs
2010,9,23,Saturday,85719,32.2277961,-110.9510102,Liquor
2010,9,23,Saturday,85721,32.2361063,-110.9481323,Liquor
2010,9,23,Saturday,85721,32.2361063,-110.9481323,Liquor
2010,9,22,Friday,85719,32.2361602,-110.9467746,Liquor
2010,9,14,Wednesday,85719,32.2361779,-110.9438361,Drugs
2010,9,4,Wednesday,85719,32.2278591,-110.943795,Quality of Life
2010,9,2,Friday,85719,32.2278009,-110.9579315,Traffic
2010,9,2,Friday,85719,32.2436972,-110.9524791,Traffic
2010,9,1,Sunday,85719,32.2277901,-110.9561593,Liquor
2010,9,1,Saturday,85719,32.2317036,-110.9610427,Liquor
2010,9,23,Sunday,85719,32.2264805,-110.9563628,Liquor
2010,9,23,Friday,85719,32.2303806,-110.9567498,Liquor
2010,9,1,Monday,85719,32.2187606,-110.9439137,Liquor
2010,9,18,Sunday,85721,32.2358985,-110.9523826,Disorder
2010,9,21,Monday,85719,32.2214586,-110.9440458,Proactive Policing
2010,9,0,Wednesday,85719,32.2316866,-110.9594753,Drugs
2010,9,0,Wednesday,85719,32.2316866,-110.9594753,Liquor
2010,9,19,Saturday,85719,32.2278418,-110.9452277,Vehicle Stop
2010,9,2,Wednesday,85719,32.2250112,-110.9563633,Traffic
2010,9,0,Saturday,85719,32.2396347,-110.9482842,Liquor
2010,9,1,Saturday,85719,32.2338344,-110.9481355,Liquor
2010,9,2,Saturday,85719,32.2330044,-110.9567896,Liquor
2010,9,1,Saturday,85719,32.2329785,-110.957974,Liquor
2010,9,1,Saturday,85719,32.228653,-110.9527591,Liquor
2010,9,6,Tuesday,85719,32.2361261,-110.9579803,Traffic
2010,9,7,Tuesday,85721,32.2361063,-110.9481323,Traffic
2010,9,8,Tuesday,85719,32.2286349,-110.9567288,Traffic
2010,9,7,Thursday,85719,32.2305347,-110.9438583,Traffic
2010,9,1,Friday,85721,32.2361063,-110.9481323,Other
2010,9,13,Tuesday,85719,32.2373234,-110.9524737,Traffic
2010,9,1,Friday,85719,32.2303806,-110.9567498,Liquor
2010,9,10,Thursday,85721,32.2358985,-110.9523826,Traffic
2010,9,17,Tuesday,85719,32.2304179,-110.9495625,Proactive Policing
2010,9,8,Friday,85719,32.236015,-110.9425171,Vehicle Stop
2010,9,0,Sunday,85706,32.134196,-110.9095857,Traffic
2010,9,22,Thursday,85719,32.2406369,-110.9512571,Liquor
2010,9,1,Sunday,85719,32.2316945,-110.9567676,Traffic
2010,9,3,Sunday,85719,32.2338418,-110.9452616,Traffic
2010,9,20,Friday,85719,32.2316945,-110.9567676,Assault
2010,9,22,Friday,85719,32.2457609,-110.9525007,Vehicle Stop
2010,9,22,Friday,85719,32.2277841,-110.9548525,Liquor
2010,9,15,Sunday,85719,32.2359639,-110.9567809,Vehicle Stop
2010,9,23,Friday,85719,32.2348663,-110.9508825,Other
2010,10,23,Saturday,85716,32.2253505,-110.9266824,Traffic
2010,10,15,Monday,85719,32.2278859,-110.9409906,Vehicle Stop
2010,10,16,Monday,85719,32.2338036,-110.9550909,Vehicle Stop
2010,10,22,Thursday,85719,32.2396347,-110.9482842,Liquor
2010,10,23,Thursday,85719,32.2396347,-110.9482842,Liquor
2010,10,23,Thursday,85719,32.2396347,-110.9482842,Liquor
2010,10,2,Friday,85719,32.2277961,-110.9510102,Traffic
2010,10,8,Thursday,85724,32.2406502,-110.9440746,Traffic
2010,10,18,Tuesday,85721,32.2361063,-110.9481323,Vehicle Stop
2010,10,13,Thursday,85719,32.2316945,-110.9567676,Traffic
2010,10,14,Wednesday,85721,32.2358985,-110.9523826,Traffic
2010,10,8,Thursday,85724,32.2406502,-110.9440746,Vehicle Stop
2010,10,11,Tuesday,85719,32.2348529,-110.9523172,Traffic
2010,10,23,Sunday,85719,32.2161537,-110.9437514,Traffic
2010,10,14,Sunday,85719,32.2338031,-110.9523168,Vehicle Stop
2010,10,0,Tuesday,85719,32.236103,-110.9595034,Vehicle Stop
2010,10,18,Monday,85721,32.2320919,-110.9481571,Vehicle Stop
2010,10,22,Monday,85719,32.2277961,-110.9510102,Drugs
2010,10,1,Wednesday,85719,32.2277961,-110.9510102,Traffic
2010,10,23,Tuesday,85719,32.2330044,-110.9567896,Drugs
2010,10,0,Wednesday,85719,32.2361779,-110.9438361,Traffic
2010,10,11,Tuesday,85719,32.236015,-110.9425171,Vehicle Stop
2010,10,1,Wednesday,85721,32.2361063,-110.9481323,Traffic
2010,10,12,Wednesday,85719,32.2277961,-110.9510102,Vehicle Stop
2010,10,9,Wednesday,85721,32.2358985,-110.9523826,Traffic
2010,10,14,Wednesday,85719,32.2467569,-110.9568412,Vehicle Stop
2010,10,10,Friday,85719,32.2361779,-110.9438361,Vehicle Stop
2010,10,14,Thursday,85719,32.236015,-110.9425171,Vehicle Stop
2010,10,23,Thursday,85721,32.2358985,-110.9523826,Traffic
2010,10,0,Saturday,85719,32.2348529,-110.9523172,Liquor
2010,10,0,Saturday,85719,32.2348529,-110.9523172,Traffic
2010,10,0,Sunday,85705,32.2359591,-110.9625707,Vehicle Stop
2010,10,22,Friday,85719,32.2359639,-110.9567809,Traffic
2010,10,21,Saturday,85719,32.2386113,-110.9567651,Vehicle Stop
2010,10,20,Saturday,85719,32.2338424,-110.9467308,Liquor
2010,10,21,Monday,85721,32.2360988,-110.9497251,Vehicle Stop
2010,10,14,Tuesday,85719,32.2278385,-110.9471562,Vehicle Stop
2010,10,21,Wednesday,85721,32.237351,-110.9482571,Drugs
2010,10,12,Wednesday,85719,32.2361779,-110.9438361,Traffic
2010,10,23,Thursday,85719,32.2343167,-110.9594861,Liquor
2010,10,23,Thursday,85719,32.2373429,-110.949732,Liquor
2010,10,0,Friday,85719,32.2396303,-110.9491197,Liquor
2010,10,1,Friday,85719,32.2316866,-110.9594753,Traffic
2010,10,8,Friday,85721,32.2361063,-110.9481323,Traffic
2010,10,21,Saturday,85716,32.2217429,-110.926479,Liquor
2010,10,1,Sunday,85719,32.2416592,-110.9497876,Liquor
2010,10,14,Sunday,85705,32.235917,-110.9687385,Vehicle Stop
2010,10,6,Sunday,85719,32.2214586,-110.9440458,Vehicle Stop
2010,10,9,Sunday,85719,32.2303806,-110.9567498,Vehicle Stop
2010,10,23,Sunday,85719,32.2303806,-110.9567498,Liquor
2010,11,23,Monday,85719,32.2303806,-110.9567498,Drugs
2010,11,9,Tuesday,85719,32.2277727,-110.9594706,Vehicle Stop
2010,11,20,Monday,85719,32.2348654,-110.9494168,Traffic
2010,11,2,Wednesday,85719,32.2349085,-110.944087,Vehicle Stop
2010,11,10,Tuesday,85719,32.2373234,-110.9524737,Traffic
2010,11,23,Tuesday,85719,32.2291756,-110.9438442,Vehicle Stop
2010,11,9,Wednesday,85719,32.2361779,-110.9438361,Vehicle Stop
2010,11,13,Wednesday,85719,32.2361779,-110.9438361,Vehicle Stop
2010,11,14,Wednesday,85719,32.2291756,-110.9438442,Community Policing
2010,11,11,Wednesday,85705,32.2316862,-110.9625552,Community Policing
2010,11,20,Wednesday,85719,32.2514386,-110.9568734,Vehicle Stop
2010,11,11,Wednesday,85705,32.2277513,-110.9640726,Vehicle Stop
2010,11,2,Friday,85719,32.2343167,-110.9594861,Traffic
2010,11,2,Friday,85719,32.2499244,-110.946854,Traffic
2010,11,0,Friday,85719,32.2277961,-110.9510102,Vehicle Stop
2010,11,11,Thursday,85721,32.2320919,-110.9481571,Vehicle Stop
2010,11,8,Friday,85719,32.2277841,-110.9548525,Vehicle Stop
2010,11,11,Friday,85721,32.2361063,-110.9481323,Vehicle Stop
2010,11,11,Friday,85719,32.2327982,-110.9481359,Liquor
2010,11,9,Monday,85719,32.2305347,-110.9438583,Vehicle Stop
2010,11,23,Saturday,85719,32.2278713,-110.9424487,Community Policing
2010,11,21,Sunday,85719,32.2348529,-110.9523172,Traffic
2010,11,22,Monday,85719,32.2361261,-110.9579803,Drugs
2010,11,19,Monday,85721,32.2373866,-110.9440764,Vehicle Stop
2010,11,11,Tuesday,85719,32.2338031,-110.9523168,Vehicle Stop
2010,11,0,Wednesday,85716,32.2217429,-110.926479,Drugs
2010,11,2,Wednesday,85724,32.2406502,-110.9440746,Traffic
2010,11,9,Wednesday,85719,32.2328288,-110.9438573,Vehicle Stop
2010,11,10,Wednesday,85721,32.2358985,-110.9523826,Traffic
2010,11,22,Wednesday,85719,32.2277961,-110.9510102,Vehicle Stop
2010,11,22,Wednesday,85716,32.2359566,-110.9268077,Liquor
2010,11,1,Thursday,85721,32.237351,-110.9482571,Liquor
2010,11,2,Thursday,85719,32.2372752,-110.9595072,Community Policing
2010,11,13,Wednesday,85719,32.2252338,-110.9437982,Vehicle Stop
2010,11,7,Friday,85719,32.2348983,-110.945255,Community Policing
2010,11,0,Friday,85719,32.2373055,-110.9567779,Community Policing
2010,11,23,Thursday,85719,32.2278591,-110.943795,Drugs
2010,11,1,Friday,85719,32.2214874,-110.959461,Traffic
2010,11,2,Friday,85719,32.2361764,-110.9410528,Traffic
2010,11,22,Thursday,85716,32.2372537,-110.9339187,Vehicle Stop
2010,11,13,Friday,85719,32.2277919,-110.9532471,Community Policing
2010,11,14,Sunday,85719,32.2338344,-110.9481355,Vehicle Stop
2010,11,16,Sunday,85719,32.2514386,-110.9568734,Vehicle Stop
2010,11,18,Sunday,85719,32.2316866,-110.9594753,Vehicle Stop
2010,11,11,Monday,85719,32.2316866,-110.9594753,Traffic
2010,11,22,Wednesday,85712,32.2398633,-110.8926911,Community Policing
2010,11,12,Thursday,85719,32.2361764,-110.9410528,Vehicle Stop
2010,11,22,Thursday,85719,32.2360025,-110.9610757,Community Policing
2010,11,22,Thursday,85721,32.2320919,-110.9481571,Disorder
2010,11,17,Friday,85718,32.3229128,-110.9610379,Community Policing
2010,11,16,Saturday,85719,32.2427001,-110.9441293,Vehicle Stop
2010,11,18,Saturday,85719,32.2361779,-110.9438361,Traffic
2010,11,23,Saturday,85719,32.2348819,-110.9481215,Liquor
2010,11,23,Saturday,85719,32.2348819,-110.9481215,Liquor
2010,11,10,Saturday,85719,32.2338418,-110.9452616,Theft
2010,11,23,Saturday,85719,32.2348663,-110.9508825,Assault
2010,11,8,Sunday,85719,32.2304142,-110.9510133,Pedestrian Stop
2010,11,9,Sunday,85719,32.2264805,-110.9594675,Vehicle Stop
2010,11,11,Sunday,85719,32.2330036,-110.959478,Vehicle Stop
2010,11,12,Sunday,85719,32.273726,-110.926267,Vehicle Stop
2010,11,17,Sunday,85719,32.2277901,-110.9561593,Liquor
2010,11,12,Monday,85719,32.2277961,-110.9510102,Pedestrian Stop
2010,11,1,Wednesday,85719,32.2278418,-110.9452277,Liquor
2010,11,12,Tuesday,85719,32.2304142,-110.9510133,Vehicle Stop
2010,11,23,Tuesday,85719,32.2161537,-110.9437514,Vehicle Stop
2010,11,10,Thursday,85716,32.2217429,-110.926479,Vehicle Stop
2010,11,13,Wednesday,85719,32.2386113,-110.9567651,Traffic
2010,11,7,Friday,85721,32.2358985,-110.9523826,Vehicle Stop
2010,11,9,Friday,85719,32.2277961,-110.9510102,Community Policing
2010,11,10,Friday,85719,32.2361779,-110.9438361,Vehicle Stop
2010,11,19,Friday,85719,32.2277919,-110.9532471,Vehicle Stop
2010,11,21,Friday,85719,32.2361764,-110.9410528,Other
2010,11,10,Saturday,85719,32.2214586,-110.9440458,Vehicle Stop
2010,11,17,Saturday,85719,32.236103,-110.9595034,Vehicle Stop
2010,11,23,Saturday,85719,32.2795186,-110.9437899,Vehicle Stop
2010,11,0,Monday,85719,32.2361779,-110.9438361,Vehicle Stop
2010,11,15,Monday,85719,32.2278231,-110.9481485,Vehicle Stop
2010,11,23,Tuesday,85719,32.2278009,-110.9579315,Vehicle Stop
2010,12,9,Wednesday,85719,32.2361779,-110.9438361,Traffic
2010,12,11,Wednesday,85721,32.2386565,-110.9482683,Traffic
2010,12,21,Thursday,85719,32.2338552,-110.9440724,Community Policing
2010,12,16,Friday,85721,32.2358985,-110.9523826,Traffic
2010,12,22,Friday,85719,32.239576,-110.9595354,Drugs
2010,12,23,Friday,85719,32.2348663,-110.9508825,Liquor
2010,12,23,Friday,85719,32.2348663,-110.9508825,Liquor
2010,12,1,Saturday,85705,32.2277513,-110.9640726,Liquor
2010,12,1,Saturday,85719,32.2338344,-110.9481355,Vehicle Stop
2010,12,22,Saturday,85707,32.1954227,-110.8924708,Vehicle Stop
2010,12,23,Saturday,85719,32.2396303,-110.9491197,Liquor
2010,12,11,Friday,85719,32.2361602,-110.9467746,Vehicle Stop
2010,12,0,Sunday,85719,32.2360163,-110.9381241,Community Policing
2010,12,23,Saturday,85721,32.2386565,-110.9482683,Liquor
2010,12,8,Monday,85719,32.2286349,-110.9567288,Traffic
2010,12,9,Monday,85719,32.2304142,-110.9510133,Disorder
2010,12,14,Monday,85719,32.2427001,-110.9441293,Vehicle Stop
2010,12,15,Monday,85719,32.2427001,-110.9441293,Vehicle Stop
2010,12,16,Tuesday,85719,32.2431819,-110.9453237,Traffic
2010,12,8,Wednesday,85719,32.2291756,-110.9438442,Vehicle Stop
2010,12,12,Wednesday,85719,32.2509587,-110.9440326,Vehicle Stop
2010,12,13,Thursday,85721,32.2373866,-110.9440764,Drugs
2010,12,0,Saturday,85719,32.2277961,-110.9510102,Drugs
2010,12,8,Friday,85719,32.2338552,-110.9440724,Traffic
2010,12,14,Friday,85719,32.2498577,-110.9568548,Vehicle Stop
2010,12,15,Friday,85719,32.2343163,-110.9579732,Other
2010,12,17,Saturday,85719,32.2349587,-110.9353281,Vehicle Stop
2010,12,22,Saturday,85719,32.2831349,-110.9438103,Vehicle Stop
2010,12,21,Sunday,85721,32.2358985,-110.9523826,Vehicle Stop
2010,12,23,Sunday,85719,32.2214648,-110.9579074,Traffic
2010,12,8,Monday,85719,32.2265471,-110.9439744,Vehicle Stop
2010,12,8,Monday,85719,32.2451275,-110.9441645,Vehicle Stop
2010,12,8,Monday,85719,32.2451275,-110.9441645,Vehicle Stop
2010,12,8,Tuesday,85719,32.2415983,-110.9595568,Vehicle Stop
2010,12,7,Tuesday,85719,32.2427001,-110.9441293,Vehicle Stop
2010,12,14,Monday,85719,32.2427001,-110.9441293,Vehicle Stop
2010,12,7,Wednesday,85721,32.2386745,-110.9440782,Vehicle Stop
2010,12,8,Wednesday,85719,32.2431819,-110.9453237,Vehicle Stop
2010,12,11,Tuesday,85721,32.2358985,-110.9523826,Vehicle Stop
2010,12,12,Wednesday,85719,32.2278591,-110.943795,Traffic
2010,12,15,Wednesday,85719,32.2427001,-110.9441293,Vehicle Stop
2010,12,21,Wednesday,85719,32.2330036,-110.959478,Vehicle Stop
2010,12,23,Wednesday,85719,32.2265471,-110.9439744,Drugs
2010,12,11,Thursday,85719,32.2278418,-110.9452277,Vehicle Stop
2010,12,11,Thursday,85719,32.2431817,-110.9468118,Vehicle Stop
2010,12,8,Friday,85719,32.2317822,-110.9438703,Traffic
2010,10,19,Tuesday,85719,32.2277727,-110.9594706,Vehicle Stop
2010,12,2,Saturday,85719,32.2278591,-110.943795,Traffic
2010,12,21,Saturday,85719,32.2214586,-110.9440458,Community Policing
2010,12,0,Monday,85719,32.2361846,-110.9381211,Community Policing
2010,12,1,Sunday,85719,32.2360025,-110.9610757,Traffic
2010,12,23,Sunday,85719,32.2361846,-110.9381211,Other
2010,12,11,Monday,85716,32.2217429,-110.926479,Community Policing
2010,12,18,Monday,85719,32.2361846,-110.9381211,Vehicle Stop
2010,12,4,Wednesday,85705,32.2359494,-110.964122,Traffic
2010,12,13,Tuesday,85719,32.2278375,-110.946674,Vehicle Stop
2010,12,13,Tuesday,85719,32.2358787,-110.9523713,Drugs
2010,12,23,Tuesday,85721,32.2361063,-110.9481323,Vehicle Stop
2010,12,2,Thursday,85719,32.2328288,-110.9438573,Traffic
2010,12,9,Friday,85719,32.2348828,-110.9438493,Vehicle Stop
2010,12,18,Friday,85719,32.2252338,-110.9437982,Vehicle Stop
2010,12,21,Friday,85719,32.2360069,-110.9438375,Vehicle Stop
2010,12,22,Friday,85719,32.225004,-110.9510003,Traffic
2010,12,0,Monday,85716,32.22791,-110.9267011,Traffic
2010,12,21,Sunday,85716,32.2360346,-110.9353039,Vehicle Stop
2010,12,21,Monday,85719,32.2278231,-110.9481485,Vehicle Stop
2010,12,1,Tuesday,85719,32.2291756,-110.9438442,Vehicle Stop
2010,12,8,Tuesday,85719,32.236015,-110.9425171,Vehicle Stop
2010,12,22,Monday,85719,32.2278231,-110.9481485,Community Policing
2010,12,1,Wednesday,85719,32.2557667,-110.9438796,Traffic
2010,12,2,Wednesday,85719,32.2385901,-110.9595139,Vehicle Stop
2010,12,2,Wednesday,85719,32.2277901,-110.9561593,Other
2010,12,18,Wednesday,85719,32.2278591,-110.943795,Vehicle Stop
2010,12,19,Wednesday,85721,32.2373866,-110.9440764,Vehicle Stop
2010,12,22,Wednesday,85719,32.2360069,-110.9438375,Community Policing
2010,12,23,Wednesday,85716,32.2360346,-110.9353039,Liquor
2010,12,2,Thursday,85719,32.239576,-110.9595354,Vehicle Stop
2010,1,23,Friday,85719,32.2303806,-110.9567498,Drugs
2010,6,11,Thursday,85719,32.22781,-110.95324,Community Policing
2010,6,18,Wednesday,85724,32.24079,-110.94612,Disorder
2010,6,7,Thursday,85724,32.24079,-110.94612,Alarm
2010,6,7,Thursday,85719,32.23008,-110.9545,Alarm
2010,6,7,Thursday,85719,32.23066,-110.95392,Alarm
2010,6,5,Thursday,85719,32.22995,-110.95672,Community Policing
2010,6,0,Thursday,85719,32.23172,-110.94812,Pedestrian Stop
2010,6,0,Thursday,85719,32.23173,-110.94773,Alarm
2010,6,23,Wednesday,85719,32.22953,-110.94668,Community Policing
2010,6,23,Wednesday,85719,32.23909,-110.95612,Community Policing
2010,6,23,Wednesday,85724,32.23811,-110.9474,Alarm
2010,6,23,Wednesday,85719,32.23173,-110.94773,Alarm
2010,6,14,Wednesday,85716,32.22174,-110.92648,Theft
2010,6,21,Wednesday,85719,32.23829,-110.9504,Alarm
2010,6,21,Wednesday,85719,32.2317,-110.95598,Pedestrian Stop
2010,6,21,Wednesday,85719,32.2326,-110.95011,Community Policing
2010,6,19,Wednesday,85716,32.22174,-110.92648,Community Policing
2010,6,17,Wednesday,85724,32.24079,-110.94612,Alarm
2010,6,17,Wednesday,85721,32.23172,-110.94838,Disorder
2010,6,17,Wednesday,85724,32.24079,-110.94612,Alarm
2010,6,12,Wednesday,85719,32.23379,-110.95172,Disorder
2010,6,16,Wednesday,85721,32.23172,-110.94838,Theft
2010,6,16,Wednesday,85719,32.22876,-110.95869,Pedestrian Stop
2010,6,13,Wednesday,85721,32.23172,-110.94838,Disorder
2010,6,11,Wednesday,85719,32.23073,-110.95414,Community Policing
2010,6,11,Wednesday,85719,32.22973,-110.95869,Community Policing
2010,6,9,Wednesday,85719,32.23829,-110.9504,Disorder
2010,6,9,Wednesday,85719,32.23066,-110.95392,Alarm
2010,6,8,Wednesday,85719,32.27105,-110.95471,Alarm
2010,6,7,Wednesday,85719,32.23066,-110.95392,Alarm
2010,6,6,Wednesday,85719,32.233,-110.95228,Community Policing
2010,6,5,Wednesday,85719,32.233,-110.95228,Alarm
2010,6,5,Wednesday,85716,32.22174,-110.92648,Pedestrian Stop
2010,6,4,Wednesday,85719,32.233,-110.95228,Alarm
2010,6,3,Wednesday,85719,32.23489,-110.9486,Alarm
2010,6,23,Tuesday,85719,32.23174,-110.9468,Disorder
2010,6,22,Tuesday,85721,32.2346,-110.94454,Community Policing
2010,6,21,Tuesday,85721,32.23172,-110.9484,Disorder
2010,6,19,Tuesday,85719,32.24014,-110.94752,Community Policing
2010,6,18,Tuesday,85719,32.23005,-110.95103,Theft
2010,6,19,Tuesday,85719,32.23071,-110.9561,Community Policing
2010,6,19,Tuesday,85721,32.23172,-110.9484,Disorder
2010,6,18,Tuesday,85701,32.228,-110.97638,Alarm
2010,6,17,Tuesday,85719,32.23251,-110.959,Other
2010,6,17,Tuesday,85719,32.21541,-110.94839,Alarm
2010,6,16,Tuesday,85721,32.23331,-110.94998,Community Policing
2010,6,15,Tuesday,85719,32.22953,-110.94668,Community Policing
2010,6,14,Tuesday,85719,32.23066,-110.95392,Community Policing
2010,6,14,Monday,85719,32.23611,-110.95129,Traffic
2010,6,14,Tuesday,85719,32.23171,-110.94889,Community Policing
2010,6,14,Tuesday,85719,32.23464,-110.952,Community Policing
2010,6,10,Tuesday,85719,32.22501,-110.95636,Community Policing
2010,6,8,Tuesday,85721,32.2346,-110.94454,Community Policing
2010,6,7,Tuesday,85721,32.23172,-110.9484,Disorder
2010,6,7,Tuesday,85719,32.23066,-110.95392,Alarm
2010,6,7,Tuesday,85719,32.23008,-110.9545,Alarm
2010,6,7,Tuesday,85719,32.23495,-110.95515,Alarm
2010,6,5,Tuesday,85719,32.23005,-110.95488,Alarm
2010,6,5,Tuesday,85719,32.233,-110.95228,Alarm
2010,6,4,Tuesday,85719,32.23568,-110.9517,Alarm
2010,6,23,Monday,85724,32.23811,-110.9474,Alarm
2010,6,21,Monday,85719,32.22863,-110.95143,Community Policing
2010,6,15,Monday,85719,32.27956,-110.94381,Breaking & Entering
2010,6,18,Monday,85701,32.228,-110.97638,Alarm
2010,6,18,Monday,85719,32.23889,-110.94529,Alarm
2010,6,17,Monday,85719,32.24293,-110.94753,Community Policing
2010,6,17,Monday,85719,32.23639,-110.95407,Alarm
2010,6,13,Monday,85719,32.233,-110.95228,Theft
2010,6,12,Monday,85719,32.23379,-110.95172,Traffic
2010,6,11,Monday,85721,32.23172,-110.94838,Pedestrian Stop
2010,6,3,Saturday,85719,32.23484,-110.95152,Community Policing
2010,6,9,Monday,85712,32.2368,-110.94626,Community Policing
2010,6,8,Monday,85719,32.23829,-110.9504,Disorder
2010,6,7,Monday,85721,32.23137,-110.95331,Alarm
2010,6,7,Monday,85701,32.20856,-110.967,Alarm
2010,6,6,Monday,85721,32.23244,-110.94735,Community Policing
2010,6,5,Monday,85719,32.23251,-110.959,Alarm
2010,6,5,Monday,85719,32.233,-110.95228,Alarm
2010,6,0,Monday,85724,32.23811,-110.9474,Alarm
2010,6,17,Sunday,85719,32.23385,-110.94525,Disorder
2010,6,16,Sunday,85719,32.23005,-110.95103,Disorder
2010,6,16,Sunday,85724,32.24079,-110.94612,Alarm
2010,6,15,Sunday,85719,32.22866,-110.95422,Alarm
2010,6,3,Saturday,85719,32.22863,-110.95143,Community Policing
2010,6,13,Sunday,85719,32.23173,-110.94773,Alarm
2010,6,3,Saturday,85719,32.23484,-110.95152,Community Policing
2010,6,12,Sunday,85719,32.22784,-110.94521,Alarm
2010,6,10,Sunday,85724,32.23811,-110.9474,Alarm
2010,6,9,Sunday,85719,32.23889,-110.94529,Community Policing
2010,6,5,Sunday,85724,32.24142,-110.94678,Alarm
2010,6,23,Saturday,85719,32.22876,-110.95869,Community Policing
2010,6,21,Saturday,85719,32.2317,-110.95598,Community Policing
2010,6,20,Saturday,85724,32.24098,-110.94411,Alarm
2010,6,19,Saturday,85705,32.23954,-110.96874,Other
2010,6,17,Saturday,85719,32.22781,-110.95324,Community Policing
2010,6,17,Saturday,85719,32.23008,-110.95399,Community Policing
2010,6,17,Saturday,85719,32.22675,-110.94813,Traffic
2010,6,15,Saturday,85724,32.23811,-110.9474,Alarm
2010,6,14,Saturday,85724,32.24079,-110.94612,Alarm
2010,6,14,Saturday,85705,32.21514,-110.93728,Vehicle Stop
2010,6,13,Saturday,85719,32.22783,-110.94669,Alarm
2010,6,13,Saturday,85724,32.24079,-110.94612,Alarm
2010,6,13,Saturday,85719,32.23005,-110.95488,Alarm
2010,6,12,Saturday,85719,32.23005,-110.95488,Alarm
2010,6,12,Saturday,85719,32.23008,-110.9545,Alarm
2010,6,11,Saturday,85719,32.22784,-110.94521,Traffic
2010,6,11,Saturday,85724,32.24079,-110.94612,Alarm
2010,6,10,Saturday,85721,32.23172,-110.94838,Disorder
2010,6,10,Saturday,85724,32.23811,-110.9474,Alarm
2010,6,3,Saturday,85719,32.23484,-110.95152,Community Policing
2010,6,3,Saturday,85719,32.233,-110.95228,Alarm
2010,6,2,Saturday,85719,32.22918,-110.94384,Community Policing
2010,6,21,Friday,85719,32.22953,-110.94668,Alarm
2010,6,20,Friday,85724,32.24142,-110.94678,Community Policing
2010,6,19,Friday,85719,32.23299,-110.94815,Community Policing
2010,6,18,Friday,85721,32.2346,-110.94454,Community Policing
2010,6,18,Friday,85701,32.228,-110.97638,Alarm
2010,6,17,Friday,85719,32.23008,-110.95399,Community Policing
2010,6,15,Friday,85719,32.23168,-110.95675,Disorder
2010,6,14,Friday,85719,32.22888,-110.95101,Alarm
2010,6,12,Friday,85719,32.2358,-110.95432,Community Policing
2010,6,12,Friday,86432,36.91045,-113.93966,Community Policing
2010,6,11,Friday,85716,32.22174,-110.92648,Alarm
2010,6,10,Friday,85614,31.87907,-111.00614,Other
2010,6,9,Friday,85719,32.2326,-110.95011,Community Policing
2010,6,9,Friday,85719,32.2359,-110.95238,Traffic
2010,6,8,Friday,85719,32.2317,-110.95598,Alarm
2010,6,7,Friday,85719,32.2317,-110.95677,Community Policing
2010,6,5,Friday,85719,32.22656,-110.94661,Community Policing
2010,6,4,Friday,85719,32.23711,-110.95451,Community Policing
2010,6,4,Friday,85719,32.22995,-110.95672,Alarm
2010,6,3,Friday,85719,32.22995,-110.95672,Alarm
2010,6,3,Friday,85721,32.23172,-110.9484,Alarm
2010,6,2,Friday,85719,32.22866,-110.95591,Community Policing
2010,6,23,Thursday,85719,32.2278,-110.95459,Alarm
2010,6,23,Thursday,85719,32.22865,-110.95276,Community Policing
2010,6,20,Thursday,85719,32.23889,-110.94529,Community Policing
2010,6,20,Thursday,85719,32.2278,-110.95459,Alarm
2010,6,18,Thursday,85719,32.23171,-110.94889,Theft
2010,6,18,Thursday,85719,32.23486,-110.94942,Community Policing
2010,6,17,Thursday,85721,32.23331,-110.94998,Disorder
2010,6,14,Thursday,85719,32.22888,-110.95101,Alarm
2010,5,6,Thursday,85719,32.23173,-110.94773,Property Crime
2010,6,12,Thursday,85719,32.23171,-110.94889,Community Policing
2010,6,11,Thursday,85719,32.2349,-110.94103,Community Policing
2010,6,9,Thursday,85719,32.23484,-110.95203,Community Policing
2010,6,7,Thursday,85719,32.23066,-110.95392,Alarm
2010,6,6,Thursday,85719,32.23008,-110.95399,Community Policing
2010,6,5,Thursday,85719,32.23005,-110.95488,Alarm
2010,6,1,Thursday,85719,32.22953,-110.94668,Alarm
2010,6,2,Monday,85719,32.233,-110.95228,Alarm
2010,6,1,Monday,85719,32.22781,-110.95324,Alarm
2010,6,1,Monday,85705,32.23233,-110.96144,Community Policing
2010,6,0,Monday,85719,32.22781,-110.95324,Alarm
2010,6,23,Sunday,85721,32.23209,-110.94816,Community Policing
2010,6,23,Sunday,85701,32.20984,-110.96703,Drugs
2010,6,22,Sunday,85719,32.22906,-110.95947,Pedestrian Stop
2010,6,20,Sunday,85719,32.22781,-110.95324,Community Policing
2010,6,19,Sunday,85705,32.2398,-110.96903,Alarm
2010,6,15,Sunday,85724,32.24079,-110.94612,Alarm
2010,6,15,Sunday,85719,32.22865,-110.95734,Community Policing
2010,6,11,Sunday,85719,32.23613,-110.95374,Community Policing
2010,6,9,Sunday,85719,32.24707,-110.95177,Community Policing
2010,6,4,Sunday,85719,32.2387,-110.94526,Community Policing
2010,6,0,Sunday,85719,32.23084,-110.95038,Community Policing
2010,6,23,Saturday,85719,32.22317,-110.95946,Community Policing
2010,6,22,Saturday,85719,32.2304,-110.95042,Community Policing
2010,6,21,Saturday,85719,32.23173,-110.94773,Alarm
2010,6,20,Saturday,85719,32.23257,-110.94951,Community Policing
2010,6,17,Saturday,85719,32.22842,-110.95105,Community Policing
2010,6,18,Saturday,85721,32.23244,-110.94735,Community Policing
2010,6,17,Saturday,85719,32.22865,-110.95105,Community Policing
2010,6,10,Saturday,85719,32.233,-110.95228,Theft
2010,6,16,Saturday,85719,32.24995,-110.94536,Community Policing
2010,4,22,Tuesday,85719,32.23484,-110.95152,Sexual Assault
2010,6,15,Friday,85719,32.22995,-110.95672,Alarm
2010,6,13,Saturday,85721,32.23678,-110.9521,Alarm
2010,6,12,Saturday,85614,31.87907,-111.00614,Community Policing
2010,6,13,Saturday,85721,32.2346,-110.94454,Community Policing
2010,6,12,Saturday,85719,32.23188,-110.95389,Community Policing
2010,6,11,Saturday,85719,32.23005,-110.95488,Alarm
2010,6,17,Friday,85719,32.23171,-110.94889,Theft
2010,6,11,Saturday,85719,32.22863,-110.95143,Community Policing
2010,6,11,Saturday,85724,32.23811,-110.9474,Alarm
2010,6,10,Saturday,85719,32.23173,-110.94773,Alarm
2010,6,10,Saturday,85719,32.23322,-110.94812,Vehicle Stop
2010,6,10,Saturday,85719,32.23168,-110.95613,Alarm
2010,6,10,Saturday,85719,32.23484,-110.95152,Community Policing
2010,6,10,Saturday,85719,32.2278,-110.95103,Alarm
2010,6,10,Saturday,85719,32.22863,-110.95143,Alarm
2010,6,10,Saturday,85719,32.23171,-110.94889,Theft
2010,6,9,Saturday,85724,32.23811,-110.9474,Alarm
2010,6,9,Saturday,85719,32.22784,-110.94521,Alarm
2010,6,8,Saturday,85719,32.22866,-110.95422,Alarm
2010,6,8,Saturday,85712,32.26153,-110.89098,Alarm
2010,6,7,Saturday,85719,32.238,-110.94602,Alarm
2010,6,7,Saturday,85719,32.23173,-110.94773,Community Policing
2010,6,7,Saturday,85719,32.238,-110.94602,Alarm
2010,6,1,Saturday,85719,32.233,-110.95228,Alarm
2010,6,0,Saturday,85719,32.238,-110.94602,Alarm
2010,6,0,Saturday,85719,32.2278,-110.95103,Alarm
2010,6,23,Friday,85719,32.22321,-110.95637,Community Policing
2010,6,23,Friday,85719,32.22321,-110.95637,Community Policing
2010,6,23,Friday,85719,32.23489,-110.9486,Community Policing
2010,6,23,Friday,85719,32.2278,-110.94954,Theft from Vehicle
2010,6,22,Friday,85719,32.2278,-110.94951,Community Policing
2010,6,22,Friday,85719,32.22863,-110.95143,Alarm
2010,6,22,Friday,85719,32.22651,-110.95101,Community Policing
2010,6,22,Friday,85719,32.22995,-110.95672,Alarm
2010,6,22,Friday,85719,32.22973,-110.95869,Community Policing
2010,6,21,Friday,85719,32.22407,-110.95614,Community Policing
2010,6,21,Friday,85719,32.23242,-110.95682,Alarm
2010,6,20,Friday,85719,32.22863,-110.95143,Alarm
2010,6,17,Friday,85719,32.22617,-110.95058,Traffic
2010,6,17,Friday,85719,32.22781,-110.95324,Community Policing
2010,6,17,Friday,85719,32.23484,-110.95203,Community Policing
2010,6,17,Friday,85719,32.23962,-110.94737,Theft of Vehicle
2010,6,15,Friday,85719,32.23493,-110.95677,Community Policing
2010,6,15,Friday,85321,32.37982,-112.86372,Community Policing
2010,6,15,Friday,85719,32.22781,-110.95324,Community Policing
2010,6,14,Friday,85719,32.2278,-110.95103,Community Policing
2010,6,14,Friday,85719,32.23171,-110.94889,Community Policing
2010,6,14,Friday,85719,32.2326,-110.95011,Community Policing
2010,6,13,Friday,85719,32.233,-110.95228,Community Policing
2010,6,10,Friday,85719,32.23005,-110.95103,Community Policing
2010,6,7,Friday,85719,32.22784,-110.94523,Disorder
2010,6,6,Friday,85721,32.2346,-110.94454,Community Policing
2010,6,5,Friday,85719,32.23251,-110.959,Alarm
2010,6,5,Friday,85719,32.23005,-110.95488,Alarm
2010,6,4,Friday,85721,32.23678,-110.9521,Alarm
2010,6,3,Friday,85719,32.23385,-110.94407,Community Policing
2010,6,2,Friday,85724,32.23811,-110.9474,Alarm
2010,6,1,Friday,85724,32.23811,-110.9474,Alarm
2010,6,0,Friday,85719,32.23298,-110.95797,Community Policing
2010,6,23,Thursday,85719,32.25385,-110.94428,Vehicle Stop
2010,6,23,Thursday,85719,32.23489,-110.9486,Alarm
2010,6,23,Thursday,85719,32.23008,-110.95185,Community Policing
2010,6,23,Thursday,85719,32.2343,-110.95663,Community Policing
2010,6,23,Thursday,85719,32.28128,-110.94808,Alarm
2010,6,21,Thursday,85719,32.23242,-110.95682,Alarm
2010,6,21,Thursday,85719,32.22863,-110.95673,Community Policing
2010,6,19,Thursday,85719,32.23528,-110.95329,Disorder
2010,6,18,Thursday,85719,32.23889,-110.94529,Alarm
2010,6,17,Thursday,85719,32.23711,-110.95451,Community Policing
2010,6,17,Thursday,85724,32.24079,-110.94612,Alarm
2010,6,16,Thursday,85724,32.24079,-110.94612,Community Policing
2010,6,16,Thursday,85721,32.23172,-110.94838,Community Policing
2010,6,16,Thursday,85719,32.23149,-110.95543,Community Policing
2010,6,15,Thursday,85719,32.23456,-110.95054,Alarm
2010,6,21,Wednesday,85719,32.233,-110.95228,Theft
2010,6,2,Tuesday,85719,32.233,-110.95228,Alarm
2010,6,0,Tuesday,85719,32.233,-110.95228,Alarm
2010,6,0,Tuesday,85719,32.22865,-110.9566,Disorder
2010,6,23,Monday,85719,32.22863,-110.95143,Alarm
2010,6,18,Monday,85721,32.23678,-110.9521,Community Policing
2010,6,18,Monday,85721,32.23872,-110.94529,Alarm
2010,6,17,Monday,85719,32.21541,-110.94839,Alarm
2010,6,17,Monday,85719,32.23616,-110.95514,Community Policing
2010,6,17,Monday,85719,32.27105,-110.95471,Community Policing
2010,6,17,Monday,85719,32.2278,-110.95103,Alarm
2010,6,12,Monday,85719,32.23073,-110.95414,Theft
2010,6,16,Monday,85719,32.2317,-110.94889,Disorder
2010,6,15,Monday,85721,32.2346,-110.94454,Community Policing
2010,6,15,Monday,85719,32.23711,-110.95451,Alarm
2010,6,14,Monday,85701,32.20984,-110.96703,Community Policing
2010,6,14,Monday,85719,32.23171,-110.94889,Theft
2010,6,12,Monday,85719,32.23066,-110.95392,Alarm
2010,6,12,Monday,85719,32.23596,-110.95678,Community Policing
2010,6,12,Monday,85719,32.23711,-110.95451,Alarm
2010,6,13,Monday,85721,32.23172,-110.9484,Theft
2010,6,11,Monday,85721,32.23137,-110.95331,Community Policing
2010,6,9,Monday,85721,32.2346,-110.94454,Community Policing
2010,6,7,Monday,85719,32.22866,-110.95591,Alarm
2010,6,6,Monday,85719,32.22863,-110.95143,Alarm
2010,6,3,Monday,85719,32.23829,-110.9504,Disorder
2010,6,2,Wednesday,85719,32.233,-110.95228,Alarm
2010,6,0,Wednesday,85719,32.233,-110.95228,Alarm
2010,6,23,Tuesday,85719,32.23066,-110.95392,Alarm
2010,6,22,Tuesday,85719,32.22782,-110.94815,Community Policing
2010,6,21,Tuesday,85716,32.22174,-110.92648,Disorder
2010,6,21,Tuesday,85719,32.23188,-110.95389,Disorder
2010,5,1,Thursday,85721,32.23678,-110.9521,Theft
2010,6,18,Tuesday,85701,32.228,-110.97638,Alarm
2010,6,18,Tuesday,85721,32.23872,-110.94529,Alarm
2010,6,18,Tuesday,85719,32.23008,-110.9545,Alarm
2010,6,18,Tuesday,85719,32.23008,-110.95399,Community Policing
2010,6,17,Tuesday,85719,32.23436,-110.95662,Alarm
2010,6,17,Tuesday,85724,32.24079,-110.94612,Alarm
2010,6,13,Tuesday,85719,32.22865,-110.95278,Theft
2010,6,15,Tuesday,85719,32.2317,-110.94889,Pedestrian Stop
2010,6,14,Tuesday,85745,32.22612,-111.00121,Community Policing
2010,6,14,Tuesday,85719,32.22779,-110.95616,Community Policing
2010,6,14,Tuesday,85719,32.2317,-110.95598,Community Policing
2010,5,0,Friday,85719,32.2352,-110.94785,Theft
2010,6,13,Tuesday,85719,32.23187,-110.95482,Other
2010,6,0,Thursday,85719,32.23711,-110.95451,Property Crime
2010,6,12,Tuesday,85719,32.23381,-110.9531,Community Policing
2010,6,11,Tuesday,85719,32.23889,-110.94529,Alarm
2010,6,10,Tuesday,85719,32.23619,-110.94604,Community Policing
2010,6,9,Tuesday,85719,32.2317,-110.95598,Community Policing
2010,6,8,Tuesday,85719,32.23436,-110.95662,Community Policing
2010,6,8,Tuesday,85719,32.22973,-110.95869,Community Policing
2010,6,8,Tuesday,85721,32.23678,-110.9521,Community Policing
2010,6,7,Tuesday,85719,32.23495,-110.95515,Alarm
2010,6,5,Tuesday,85719,32.22784,-110.94521,Alarm
2010,6,5,Tuesday,85719,32.22953,-110.94668,Pedestrian Stop
2010,6,5,Tuesday,85719,32.233,-110.95228,Alarm
2010,6,0,Tuesday,85719,32.22866,-110.9544,Theft
2010,6,3,Tuesday,85719,32.23384,-110.94673,Community Policing
2010,6,3,Tuesday,85719,32.22953,-110.94668,Disorder
2010,6,0,Tuesday,85719,32.23963,-110.94828,Community Policing
2010,6,22,Monday,85719,32.23041,-110.95101,Other
2010,6,18,Thursday,85721,32.23172,-110.94838,Community Policing
2010,6,23,Wednesday,85716,32.22174,-110.92648,Pedestrian Stop
2010,6,17,Wednesday,85716,32.22174,-110.92648,Community Policing
2010,6,16,Wednesday,85719,32.233,-110.95228,Community Policing
2010,6,16,Wednesday,85719,32.22973,-110.95869,Community Policing
2010,6,16,Wednesday,85719,32.23066,-110.95392,Community Policing
2010,6,15,Wednesday,85719,32.22866,-110.95591,Alarm
2010,5,21,Thursday,85721,32.23331,-110.94998,Community Policing
2010,6,14,Wednesday,85719,32.22917,-110.95673,Disorder
2010,5,12,Tuesday,85719,32.22995,-110.95672,Disorder
2010,5,0,Thursday,85719,32.23299,-110.94815,Property Crime
2010,6,11,Wednesday,85721,32.2346,-110.94454,Community Policing
2010,6,6,Wednesday,85719,32.22953,-110.94668,Community Policing
2010,6,10,Wednesday,85719,32.22866,-110.95591,Alarm
2010,6,10,Wednesday,85719,32.23066,-110.95392,Alarm
2010,6,9,Wednesday,85719,32.22953,-110.94668,Community Policing
2010,6,8,Wednesday,85719,32.25297,-110.95256,Vehicle Stop
2010,6,5,Wednesday,85721,32.23872,-110.94529,Alarm
2010,6,2,Wednesday,85721,32.23172,-110.9484,Alarm
2010,6,1,Wednesday,85719,32.23385,-110.94407,Community Policing
2010,6,0,Wednesday,85721,32.23172,-110.9484,Alarm
2010,6,0,Wednesday,85716,32.22174,-110.92648,Theft
2010,6,0,Wednesday,85719,32.23397,-110.95444,Community Policing
2010,6,22,Tuesday,85721,32.23331,-110.94998,Community Policing
2010,6,19,Tuesday,85719,32.23008,-110.95399,Alarm
2010,6,19,Tuesday,85721,32.23172,-110.94838,Alarm
2010,6,19,Tuesday,85721,32.24159,-110.94911,Alarm
2010,6,18,Tuesday,85719,32.22682,-110.95252,Disorder
2010,6,18,Tuesday,85719,32.23698,-110.94347,Theft
2010,6,18,Tuesday,85719,32.23561,-110.95565,Community Policing
2010,6,18,Tuesday,85701,32.228,-110.97638,Alarm
2010,6,18,Tuesday,85721,32.23678,-110.9521,Community Policing
2010,6,17,Tuesday,85724,32.24079,-110.94612,Community Policing
2010,6,17,Tuesday,85719,32.23397,-110.95444,Alarm
2010,6,16,Tuesday,85719,32.23889,-110.94529,Alarm
2010,6,14,Tuesday,85719,32.23518,-110.95197,Alarm
2010,6,14,Tuesday,85719,32.233,-110.95228,Alarm
2010,6,14,Tuesday,85719,32.23169,-110.95037,Alarm
2010,6,11,Tuesday,85719,32.23339,-110.9583,Community Policing
2010,6,11,Tuesday,85721,32.2346,-110.94454,Community Policing
2010,6,9,Tuesday,85719,32.233,-110.95228,Community Policing
2010,5,23,Monday,85719,32.28128,-110.94808,Alarm
2010,5,21,Monday,85719,32.233,-110.95228,Alarm
2010,5,19,Monday,85719,32.233,-110.95228,Alarm
2010,5,18,Monday,85719,32.27105,-110.95471,Alarm
2010,5,18,Monday,85719,32.2317,-110.95598,Alarm
2010,5,17,Monday,85719,32.27105,-110.95471,Alarm
2010,5,17,Monday,85724,32.23811,-110.9474,Alarm
2010,5,16,Monday,85721,32.23172,-110.9484,Community Policing
2010,5,15,Monday,85724,32.23811,-110.9474,Alarm
2010,5,13,Monday,85724,32.23811,-110.9474,Alarm
2010,5,12,Monday,85719,32.23008,-110.9545,Alarm
2010,5,11,Monday,85719,32.23173,-110.94773,Alarm
2010,5,11,Monday,85719,32.23008,-110.95399,Community Policing
2010,5,10,Monday,85719,32.238,-110.94602,Alarm
2010,5,10,Monday,85719,32.238,-110.94602,Alarm
2010,5,9,Monday,85719,32.23889,-110.94529,Alarm
2010,5,7,Monday,85719,32.22863,-110.95143,Community Policing
2010,5,7,Monday,85719,32.23889,-110.94529,Alarm
2010,5,3,Monday,85719,32.23173,-110.94773,Alarm
2010,5,2,Monday,85719,32.23298,-110.95797,Community Policing
2010,5,2,Monday,85711,32.23613,-110.90117,Vehicle Stop
2010,5,1,Monday,85719,32.23172,-110.94812,Vehicle Stop
2010,5,21,Sunday,85719,32.22973,-110.95869,Community Policing
2010,5,18,Sunday,85724,32.24098,-110.94411,Community Policing
2010,5,18,Sunday,85719,32.23889,-110.94529,Alarm
2010,5,18,Sunday,85719,32.23005,-110.95488,Alarm
2010,5,13,Sunday,85719,32.2278,-110.94951,Community Policing
2010,5,10,Sunday,85724,32.24079,-110.94612,Community Policing
2010,5,9,Sunday,85719,32.2387,-110.94526,Community Policing
2010,5,4,Sunday,85719,32.23005,-110.95488,Property Crime
2010,5,1,Sunday,85719,32.22784,-110.94521,Alarm
2010,5,23,Saturday,85719,32.2278,-110.94951,Alarm
2010,5,22,Saturday,85719,32.23618,-110.94384,Community Policing
2010,5,19,Saturday,85719,32.2317,-110.95598,Community Policing
2010,5,18,Saturday,85724,32.24079,-110.94612,Disorder
2010,5,17,Saturday,85719,32.27105,-110.95471,Alarm
2010,5,17,Saturday,85701,32.228,-110.97638,Alarm
2010,5,16,Saturday,85721,32.23172,-110.9484,Disorder
2010,5,9,Tuesday,85719,32.233,-110.95228,Alarm
2010,5,16,Saturday,85721,32.23172,-110.94838,Disorder
2010,5,15,Saturday,85719,32.23889,-110.94529,Alarm
2010,5,12,Saturday,85719,32.238,-110.94602,Alarm
2010,5,12,Saturday,85719,32.23488,-110.94484,Traffic
2010,5,11,Saturday,85719,32.23489,-110.94678,Community Policing
2010,5,11,Saturday,85719,32.23889,-110.94529,Alarm
2010,5,11,Saturday,85721,32.23172,-110.94838,Other
2010,5,9,Saturday,85719,32.22778,-110.95239,Community Policing
2010,5,8,Saturday,85719,32.23889,-110.94529,Alarm
2010,5,8,Saturday,85719,32.22888,-110.95101,Alarm
2010,5,6,Saturday,85719,32.23568,-110.9517,Alarm
2010,5,4,Saturday,85719,32.233,-110.95228,Alarm
2010,5,2,Saturday,85719,32.23521,-110.94487,Community Policing
2010,5,2,Saturday,85719,32.233,-110.95228,Alarm
2010,5,0,Saturday,85719,32.23037,-110.95718,Disorder
2010,5,0,Saturday,85719,32.24325,-110.94949,Community Policing
2010,5,22,Friday,85719,32.22876,-110.95869,Community Policing
